id,name,model_id:id,group_id:id,perm_read,perm_write,perm_create,perm_unlink
access_hms_users_patient_id,access_hms_users_patient,model_hms_patient,hms_users_group,1,1,1,0
access_hms_users_patientlog_id,access_hms_users_patientlog,model_hms_patientlog,hms_users_group,1,1,1,0
access_hms_users_department_id,access_hms_users_department,model_hms_department,hms_users_group,1,0,0,0
access_hms_users_doctors_id,access_hms_users_doctors,model_hms_doctor,hms_users_group,1,0,0,0
access_hms_managers_patient_id,access_hms_managers_patient,model_hms_patient,hms_managers_group,1,1,1,1
access_hms_managers_doctor_id,access_hms_managers_doctor_id,model_hms_doctor,hms_managers_group,1,1,1,1
access_hms_managers_department_id,access_hms_managers_department,model_hms_department,hms_managers_group,1,1,1,1
access_hms_managers_patientlog_id,access_hms_managers_patientlog,model_hms_patientlog,hms_managers_group,1,1,1,1
access_hms_managers_partner_id,access_hms_managers_partner,model_res_partner,hms_managers_group,1,1,1,1